decision_point,current_tracking_error,future_tracking_error,Current_Expected_Return,Future_Expected_Return,Fut_Cur_Expected_Return
b_4,0.00008241307,0.005973628,0.0002000000,0.0009643152,0.0002000000
b_3,0.001197100,0.004788398,0.00004945879,0.0008137740,0.0002023218
b_2,0.002394194,0.003591305,-0.0001046497,0.0006596656,0.0002010764
b_1,0.004189849,0.001795650,-0.0002979558,0.0004663594,0.0002370648
b_0,0.005985498,0.000000001030,-0.0005638337,0.0002004816,0.0002004816
